No.,Complex, RESNR , RESTYPE , RESCHAIN , RESNR_LIG , RESTYPE_LIG , RESCHAIN_LIG , SIDECHAIN , DIST_H-A , DIST_D-A , DON_ANGLE , PROTISDON , DONORIDX , DONORTYPE , ACCEPTORIDX , ACCEPTORTYPE , LIGCOO                 , PROTCOO                ,
1,D1,356, ALA     , A        ,0, LIG         , Z            , False     ,3.2,3.79,118.31, True      ,3161, Nam       ,5813, O3           ," 43.378, 35.861, 49.501 "," 44.535, 35.776, 53.114 ", 
2,D1,358, ASP     , A        ,0, LIG         , Z            , False     ,2.24,2.84,119.1, False     ,5822, O3        ,3187, O2           ," 42.390, 39.195, 58.747 "," 43.657, 40.883, 60.649 ", 
3,D1,358, ASP     , A        ,0, LIG         , Z            , False     ,2.62,3.37,130.4, True      ,3183, Nam       ,5826, O3           ," 42.420, 41.850, 58.160 "," 45.073, 39.786, 58.368 ", 
4,D1,360, TYR     , A        ,0, LIG         , Z            , True      ,1.94,2.91,170.03, False     ,5824, O3        ,3216, O3           ," 41.799, 43.747, 56.070 "," 41.114, 44.145, 58.865 ", 
5,D1,360, TYR     , A        ,0, LIG         , Z            , True      ,2.04,2.73,126.62, False     ,5826, O3        ,3216, O3           ," 42.420, 41.850, 58.160 "," 41.114, 44.145, 58.865 ", 
6,D1,384, GLU     , A        ,0, LIG         , Z            , True      ,2.14,2.89,132.28, False     ,5813, O3        ,3456, O2           ," 43.378, 35.861, 49.501 "," 45.745, 34.650, 48.374 ", 
7,D1,522, ARG     , A        ,0, LIG         , Z            , True      ,2.43,3.39,156.46, True      ,4799, Ng+       ,5817, O3           ," 40.264, 39.241, 48.155 "," 38.060, 41.779, 48.618 ", 
8,D1,523, TYR     , A        ,0, LIG         , Z            , True      ,2.01,2.95,161.63, False     ,5817, O3        ,4817, O3           ," 40.264, 39.241, 48.155 "," 39.588, 37.609, 45.789 ", 
9,D1,523, TYR     , A        ,0, LIG         , Z            , True      ,1.92,2.83,154.78, False     ,5815, O3        ,4817, O3           ," 41.389, 36.738, 47.786 "," 39.588, 37.609, 45.789 ", 
10,D2,66, ASN     , A        ,0, UNK         , A            , True      ,1.94,2.95,168.22, True      ,266, Nam       ,5850, O3           ," 38.648, 38.490, 60.180 "," 37.007, 36.176, 59.385 ", 
11,D2,123, GLU     , A        ,0, UNK         , A            , True      ,2.88,3.27,106.74, True      ,867, O3        ,5874, O3           ," 31.565, 44.688, 53.661 "," 32.154, 47.256, 55.601 ", 
12,D2,123, GLU     , A        ,0, UNK         , A            , True      ,2.33,3.27,164.27, False     ,5874, O3        ,867, O3           ," 31.565, 44.688, 53.661 "," 32.154, 47.256, 55.601 ", 
13,D2,123, GLU     , A        ,0, UNK         , A            , True      ,1.97,2.64,124.8, False     ,5866, O3        ,867, O3           ," 33.940, 45.441, 56.298 "," 32.154, 47.256, 55.601 ", 
14,D2,123, GLU     , A        ,0, UNK         , A            , True      ,1.97,2.74,136.36, False     ,5876, O3        ,868, O2           ," 34.571, 48.215, 55.999 "," 32.310, 49.335, 54.920 ", 
15,D2,124, ARG     , A        ,0, UNK         , A            , True      ,2.16,3.04,143.73, True      ,883, Ng+       ,5860, O3           ," 31.377, 42.110, 54.572 "," 30.243, 40.653, 56.992 ", 
16,D2,143, GLU     , A        ,0, UNK         , A            , True      ,2.43,2.87,107.13, False     ,5858, O3        ,1065, O2           ," 31.926, 36.287, 55.285 "," 31.132, 33.718, 56.279 ", 
17,D2,358, ASP     , A        ,0, UNK         , A            , False     ,1.98,2.87,151.97, False     ,5852, O3        ,3187, O2           ," 40.920, 40.051, 60.487 "," 43.657, 40.883, 60.649 ", 
18,D2,358, ASP     , A        ,0, UNK         , A            , False     ,1.92,2.81,144.77, True      ,3183, Nam       ,5854, O3           ," 42.423, 40.721, 58.255 "," 45.073, 39.786, 58.368 ", 
19,D2,358, ASP     , A        ,0, UNK         , A            , False     ,1.77,2.7,160.51, False     ,5854, O3        ,3187, O2           ," 42.423, 40.721, 58.255 "," 43.657, 40.883, 60.649 ", 
20,D2,403, GLU     , A        ,0, UNK         , A            , True      ,3,3.83,144.97, False     ,5868, O3        ,3651, O2           ," 36.372, 48.969, 54.087 "," 39.649, 50.642, 53.021 ", 
21,D2,403, GLU     , A        ,0, UNK         , A            , True      ,2.67,3.42,136.95, True      ,3652, O3        ,5806, O2           ," 38.883, 45.612, 54.503 "," 38.877, 49.024, 54.318 ", 
22,D2,404, GLY     , A        ,0, UNK         , A            , False     ,3.35,4.01,123.79, True      ,3653, Nam       ,5872, O3           ," 40.488, 47.978, 49.388 "," 44.204, 48.680, 50.729 ", 
23,D2,517, SER     , A        ,0, UNK         , A            , True      ,3.09,3.89,141.05, False     ,5862, O3        ,4748, O3           ," 30.036, 37.688, 53.849 "," 28.830, 39.482, 50.619 ", 
24,D2,517, SER     , A        ,0, UNK         , A            , False     ,2.05,2.91,147.61, False     ,5856, O3        ,4746, O2           ," 30.662, 40.118, 52.762 "," 31.401, 39.739, 49.970 ", 
25,D3,118, LYS     , A        ,0, LIG         , Z            , True      ,2.12,2.96,137.19, True      ,817, N3+       ,5823, O3           ," 39.767, 49.386, 57.064 "," 38.176, 51.806, 56.474 ", 
26,D3,402, ARG     , A        ,0, LIG         , Z            , False     ,2.12,2.68,115.08, False     ,5825, O3        ,3630, O2           ," 42.315, 46.139, 56.680 "," 43.650, 48.268, 55.742 ", 
27,D3,403, GLU     , A        ,0, LIG         , Z            , True      ,2.98,3.47,112.13, False     ,5827, O3        ,3652, O3           ," 36.944, 46.326, 55.329 "," 38.877, 49.024, 54.318 ", 
28,D3,403, GLU     , A        ,0, LIG         , Z            , True      ,1.86,2.71,150.46, True      ,3652, O3        ,5798, O3           ," 38.824, 47.258, 56.377 "," 38.877, 49.024, 54.318 ", 
29,D3,403, GLU     , A        ,0, LIG         , Z            , True      ,2.08,2.97,151.12, False     ,5835, O3        ,3651, O2           ," 39.055, 49.919, 50.199 "," 39.649, 50.642, 53.021 ", 
30,D3,403, GLU     , A        ,0, LIG         , Z            , True      ,1.97,2.91,161.09, False     ,5823, O3        ,3652, O3           ," 39.767, 49.386, 57.064 "," 38.877, 49.024, 54.318 ", 
31,D3,404, GLY     , A        ,0, LIG         , Z            , False     ,2.1,2.86,129.6, True      ,3653, Nam       ,5833, O3           ," 42.577, 46.869, 49.219 "," 44.204, 48.680, 50.729 ", 
32,D3,406, ASN     , A        ,0, LIG         , Z            , False     ,2.6,3.53,159.63, False     ,5833, O3        ,3668, O2           ," 42.577, 46.869, 49.219 "," 42.994, 48.491, 46.112 ", 
33,D3,407, PRO     , A        ,0, LIG         , Z            , False     ,2.7,3.32,121.95, False     ,5831, O3        ,3678, O2           ," 41.161, 44.356, 48.662 "," 42.359, 45.086, 45.657 ", 
34,D3,411, GLU     , A        ,0, LIG         , Z            , True      ,1.92,2.39,106.2, False     ,5837, O3        ,3721, O2           ," 42.460, 41.980, 48.891 "," 41.788, 41.011, 46.817 ",
35,D4,66, ASN     , A        ,1, UNL         , Z            , True      ,2.11,3.01,146.57, True      ,266, Nam       ,5840, O3           ," 35.467, 34.925, 57.120 "," 37.007, 36.176, 59.385 ", 
36,D4,66, ASN     , A        ,1, UNL         , Z            , True      ,2.3,2.94,120.53, False     ,5840, O3        ,269, O2           ," 35.467, 34.925, 57.120 "," 35.775, 34.408, 59.994 ", 
37,D4,70, ASN     , A        ,1, UNL         , Z            , True      ,2.68,3.55,144.03, True      ,318, Nam       ,5840, O3           ," 35.467, 34.925, 57.120 "," 36.954, 31.841, 58.074 ", 
38,D4,70, ASN     , A        ,1, UNL         , Z            , True      ,1.9,2.58,123.02, False     ,5844, O3        ,321, O2           ," 38.703, 33.356, 54.966 "," 38.179, 31.203, 56.291 ", 
39,D4,143, GLU     , A        ,1, UNL         , Z            , True      ,3.38,3.79,108.63, True      ,1067, O3        ,5842, O3           ," 36.078, 32.705, 54.319 "," 32.837, 32.338, 56.244 ", 
40,D4,353, HIS     , A        ,1, UNL         , Z            , True      ,2.88,3.73,141.23, True      ,3145, Npl       ,5813, O3           ," 40.700, 35.587, 46.993 "," 39.074, 32.263, 46.551 ", 
41,D4,355, SER     , A        ,1, UNL         , Z            , True      ,2.05,2.97,160.8, True      ,3159, O3        ,5844, O3           ," 38.703, 33.356, 54.966 "," 41.478, 33.284, 53.922 ", 
42,D4,356, ALA     , A        ,1, UNL         , Z            , False     ,1.78,2.76,169.4, False     ,5827, O3        ,3165, O2           ," 42.012, 39.452, 55.831 "," 44.099, 37.963, 54.798 ", 
43,D4,356, ALA     , A        ,1, UNL         , Z            , False     ,2.17,3.12,155.62, True      ,3161, Nam       ,5804, O3           ," 42.037, 37.345, 52.083 "," 44.535, 35.776, 53.114 ", 
44,D4,356, ALA     , A        ,1, UNL         , Z            , False     ,1.89,2.67,133.4, False     ,5825, O3        ,3165, O2           ," 42.650, 39.639, 53.301 "," 44.099, 37.963, 54.798 ", 
45,D4,358, ASP     , A        ,1, UNL         , Z            , False     ,3.06,3.99,152.01, True      ,3183, Nam       ,5827, O3           ," 42.012, 39.452, 55.831 "," 45.073, 39.786, 58.368 ", 
46,D4,384, GLU     , A        ,1, UNL         , Z            , True      ,2.05,2.86,139.53, False     ,5811, O3        ,3455, O3           ," 44.022, 36.309, 50.294 "," 45.708, 34.004, 50.463 ", 
47,D4,513, HIS     , A        ,1, UNL         , Z            , True      ,2.82,3.76,152.85, True      ,4716, Npl       ,5813, O3           ," 40.700, 35.587, 46.993 "," 37.383, 35.467, 45.237 ", 
48,D4,516, SER     , A        ,1, UNL         , Z            , True      ,3.34,4.05,130.2, False     ,5838, O3        ,4740, O3           ," 35.430, 34.316, 52.750 "," 32.773, 32.341, 50.420 ", 
49,D4,523, TYR     , A        ,1, UNL         , Z            , True      ,2.08,2.6,112.16, False     ,5813, O3        ,4817, O3           ," 40.700, 35.587, 46.993 "," 39.588, 37.609, 45.789 ", 
50,D5,149, ALA     , A        ,0, LIG         , Z            , False     ,2.05,2.99,161.59, False     ,5806, O3        ,1121, O2           ," 34.635, 21.248, 48.658 "," 32.173, 19.575, 48.885 ", 
51,D5,160, GLN     , A        ,0, LIG         , Z            , True      ,1.92,2.88,157.19, True      ,1215, Nam       ,5810, O3           ," 34.443, 18.692, 52.668 "," 37.044, 17.451, 52.557 ", 
52,D5,161, LEU     , A        ,0, LIG         , Z            , False     ,1.86,2.87,169.59, True      ,1219, Nam       ,5806, O3           ," 34.635, 21.248, 48.658 "," 36.073, 19.848, 46.604 ", 
53,D5,162, GLU     , A        ,0, LIG         , Z            , False     ,1.96,2.9,151.35, True      ,1228, Nam       ,5805, O2           ," 37.713, 22.537, 48.766 "," 38.706, 21.044, 46.491 ", 
54,D5,162, GLU     , A        ,0, LIG         , Z            , True      ,3.61,4.08,113.98, True      ,1236, O3        ,5805, O2           ," 37.713, 22.537, 48.766 "," 40.802, 25.003, 47.755 ", 
55,D5,349, GLU     , A        ,0, LIG         , Z            , True      ,1.62,2.35,128.55, False     ,5810, O3        ,3110, O2           ," 34.443, 18.692, 52.668 "," 34.410, 19.237, 54.952 ", 
56,D5,349, GLU     , A        ,0, LIG         , Z            , True      ,1.77,2.69,156.67, False     ,5808, O3        ,3110, O2           ," 36.615, 20.103, 53.676 "," 34.410, 19.237, 54.952 ", 
57,D5,350, VAL     , A        ,0, LIG         , Z            , False     ,3.01,4,165.46, True      ,3111, Nam       ,5808, O3           ," 36.615, 20.103, 53.676 "," 37.475, 22.512, 56.756 ",
58,D6,353, HIS     , A        ,1, UNL         , Z            , True      ,2.15,3.07,148.58, True      ,3145, Npl       ,5837, O3           ," 40.376, 35.044, 46.458 "," 39.074, 32.263, 46.551 ", 
59,D6,356, ALA     , A        ,1, UNL         , Z            , False     ,1.96,2.73,132.75, False     ,5824, O3        ,3165, O2           ," 42.068, 39.785, 54.818 "," 44.099, 37.963, 54.798 ", 
60,D6,356, ALA     , A        ,1, UNL         , Z            , False     ,1.94,2.95,173.79, True      ,3161, Nam       ,5828, O2           ," 42.636, 37.623, 51.813 "," 44.535, 35.776, 53.114 ", 
61,D6,358, ASP     , A        ,1, UNL         , Z            , True      ,2.7,3.26,117.3, False     ,5814, O3        ,3191, O2           ," 44.273, 44.949, 56.236 "," 46.569, 44.320, 58.463 ", 
62,D6,360, TYR     , A        ,1, UNL         , Z            , True      ,1.98,2.47,108.69, False     ,5816, O3        ,3216, O3           ," 41.978, 45.954, 57.426 "," 41.114, 44.145, 58.865 ", 
63,D6,384, GLU     , A        ,1, UNL         , Z            , True      ,2.07,3.04,175.52, False     ,5835, O3        ,3456, O2           ," 43.027, 35.347, 47.215 "," 45.745, 34.650, 48.374 ", 
64,D6,394, TYR     , A        ,1, UNL         , Z            , True      ,1.81,2.7,156.08, True      ,3563, O3        ,5814, O3           ," 44.273, 44.949, 56.236 "," 45.717, 46.273, 54.373 ", 
65,D6,403, GLU     , A        ,1, UNL         , Z            , True      ,2.1,3.03,170.37, True      ,3652, O3        ,5818, O3           ," 39.783, 46.569, 55.847 "," 38.877, 49.024, 54.318 ", 
66,D6,403, GLU     , A        ,1, UNL         , Z            , True      ,2.11,3.03,158.78, False     ,5818, O3        ,3652, O3           ," 39.783, 46.569, 55.847 "," 38.877, 49.024, 54.318 ", 
67,D6,404, GLY     , A        ,1, UNL         , Z            , False     ,2.47,3.48,175.62, True      ,3653, Nam       ,5807, O2           ," 41.912, 46.079, 51.071 "," 44.204, 48.680, 50.729 ", 
68,D6,513, HIS     , A        ,1, UNL         , Z            , True      ,2.38,3.26,144.44, True      ,4716, Npl       ,5837, O3           ," 40.376, 35.044, 46.458 "," 37.383, 35.467, 45.237 ", 
69,D6,523, TYR     , A        ,1, UNL         , Z            , True      ,2.28,2.9,122.15, True      ,4817, O3        ,5839, O3           ," 38.379, 36.183, 48.009 "," 39.588, 37.609, 45.789 ", 
70,D6,523, TYR     , A        ,1, UNL         , Z            , True      ,2.2,2.77,115.92, False     ,5837, O3        ,4817, O3           ," 40.376, 35.044, 46.458 "," 39.588, 37.609, 45.789 ",
71,D7,92, THR     , A        ,1, UNL         , Z            , True      ,2.02,2.9,147.96, False     ,5824, O3        ,539, O3           ," 30.645, 45.419, 62.510 "," 31.772, 47.852, 63.627 ", 
72,D7,92, THR     , A        ,1, UNL         , Z            , True      ,1.72,2.4,122.32, False     ,5826, O3        ,539, O3           ," 33.127, 46.647, 62.054 "," 31.772, 47.852, 63.627 ", 
73,D7,122, LEU     , A        ,1, UNL         , Z            , False     ,2.07,2.71,120.48, False     ,5822, O3        ,854, O2           ," 29.463, 46.237, 60.011 "," 28.644, 48.805, 59.713 ", 
74,D7,123, GLU     , A        ,1, UNL         , Z            , True      ,3.06,3.93,155.27, True      ,867, O3        ,5820, O3           ," 29.975, 44.864, 57.838 "," 32.154, 47.256, 55.601 ", 
75,D7,124, ARG     , A        ,1, UNL         , Z            , False     ,2.09,3.06,157.81, True      ,869, Nam       ,5820, O3           ," 29.975, 44.864, 57.838 "," 27.339, 46.408, 57.722 ", 
76,D7,124, ARG     , A        ,1, UNL         , Z            , True      ,2.28,3.14,141.44, True      ,877, Ng+       ,5820, O3           ," 29.975, 44.864, 57.838 "," 28.898, 41.954, 58.320 ", 
77,D7,125, ALA     , A        ,1, UNL         , Z            , False     ,2.04,2.97,150.58, True      ,886, Nam       ,5822, O3           ," 29.463, 46.237, 60.011 "," 26.535, 46.565, 60.384 ", 
78,D7,358, ASP     , A        ,1, UNL         , Z            , False     ,2.56,3.24,123.44, True      ,3183, Nam       ,5830, O3           ," 42.088, 38.786, 59.123 "," 45.073, 39.786, 58.368 ", 
79,D7,358, ASP     , A        ,1, UNL         , Z            , False     ,2.36,3.03,125.95, False     ,5830, O3        ,3187, O2           ," 42.088, 38.786, 59.123 "," 43.657, 40.883, 60.649 ",
80,D8,281, GLN     , A        ,1, UNL         , Z            , True      ,1.99,2.98,162.88, True      ,2447, Nam       ,5820, O3           ," 41.957, 31.747, 38.035 "," 39.283, 31.322, 39.282 ", 
81,D8,282, THR     , A        ,1, UNL         , Z            , True      ,2.31,3.13,139.01, False     ,5820, O3        ,2458, O3           ," 41.957, 31.747, 38.035 "," 42.336, 29.519, 35.874 ", 
82,D8,282, THR     , A        ,1, UNL         , Z            , True      ,1.84,2.77,166.67, True      ,2458, O3        ,5818, O3           ," 43.941, 29.432, 38.131 "," 42.336, 29.519, 35.874 ", 
83,D8,356, ALA     , A        ,1, UNL         , Z            , False     ,2.11,3.11,165, True      ,3161, Nam       ,5835, O2           ," 42.303, 37.327, 51.612 "," 44.535, 35.776, 53.114 ", 
84,D8,376, GLU     , A        ,1, UNL         , Z            , True      ,1.61,2.58,162.78, False     ,5818, O3        ,3381, O2           ," 43.941, 29.432, 38.131 "," 44.821, 27.012, 38.249 ", 
85,D8,384, GLU     , A        ,1, UNL         , Z            , True      ,2.01,2.97,176.01, False     ,5837, O3        ,3456, O2           ," 43.691, 36.325, 49.722 "," 45.745, 34.650, 48.374 ",
86,D9,66, ASN     , A        ,0, UNK         , A            , True      ,2.6,3.26,122.11, True      ,266, Nam       ,5822, O2           ," 34.936, 37.834, 57.491 "," 37.007, 36.176, 59.385 ", 
87,D9,70, ASN     , A        ,0, UNK         , A            , True      ,2.24,3.12,142.86, True      ,318, Nam       ,5848, O3           ," 36.005, 32.932, 55.314 "," 36.954, 31.841, 58.074 ", 
88,D9,70, ASN     , A        ,0, UNK         , A            , True      ,1.99,2.94,166.87, False     ,5848, O3        ,321, O2           ," 36.005, 32.932, 55.314 "," 38.179, 31.203, 56.291 ", 
89,D9,85, ASN     , A        ,0, UNK         , A            , False     ,2.28,2.78,110.74, False     ,5866, O3        ,465, O2           ," 28.566, 41.749, 62.787 "," 29.409, 41.657, 65.433 ", 
90,D9,92, THR     , A        ,0, UNK         , A            , True      ,2.21,3.17,174.76, False     ,5862, O3        ,539, O3           ," 30.205, 46.049, 61.538 "," 31.772, 47.852, 63.627 ", 
91,D9,92, THR     , A        ,0, UNK         , A            , True      ,1.71,2.46,131.78, False     ,5858, O3        ,539, O3           ," 32.825, 46.056, 62.325 "," 31.772, 47.852, 63.627 ", 
92,D9,123, GLU     , A        ,0, UNK         , A            , True      ,2.28,2.95,123.7, False     ,5854, O3        ,867, O3           ," 34.294, 45.294, 56.095 "," 32.154, 47.256, 55.601 ", 
93,D9,124, ARG     , A        ,0, UNK         , A            , True      ,3.52,3.98,110.06, True      ,880, Ng+       ,5852, O3           ," 32.486, 39.203, 56.680 "," 29.131, 39.701, 58.769 ", 
94,D9,124, ARG     , A        ,0, UNK         , A            , True      ,1.92,2.69,129.71, True      ,883, Ng+       ,5852, O3           ," 32.486, 39.203, 56.680 "," 30.243, 40.653, 56.992 ", 
95,D9,125, ALA     , A        ,0, UNK         , A            , False     ,3.16,3.88,128.47, True      ,886, Nam       ,5862, O3           ," 30.205, 46.049, 61.538 "," 26.535, 46.565, 60.384 ", 
96,D9,136, ASN     , A        ,0, UNK         , A            , True      ,2.39,3.35,155.14, True      ,992, Nam       ,5866, O3           ," 28.566, 41.749, 62.787 "," 26.248, 39.337, 62.734 ", 
97,D9,143, GLU     , A        ,0, UNK         , A            , True      ,2.71,3.21,112.75, False     ,5850, O3        ,1067, O3           ," 33.992, 34.059, 53.793 "," 32.837, 32.338, 56.244 ", 
98,D9,355, SER     , A        ,0, UNK         , A            , True      ,3.21,3.85,126.17, True      ,3159, O3        ,5844, O3           ," 39.681, 36.269, 55.554 "," 41.478, 33.284, 53.922 ", 
99,D9,355, SER     , A        ,0, UNK         , A            , True      ,3.4,3.85,110.8, False     ,5844, O3        ,3159, O3           ," 39.681, 36.269, 55.554 "," 41.478, 33.284, 53.922 ", 
100,D9,356, ALA     , A        ,0, UNK         , A            , False     ,2.87,3.46,120.36, False     ,5842, O3        ,3165, O2           ," 41.350, 37.829, 56.896 "," 44.099, 37.963, 54.798 ", 
101,D9,358, ASP     , A        ,0, UNK         , A            , False     ,3.35,4.05,131.44, False     ,5840, O3        ,3187, O2           ," 40.331, 39.945, 58.529 "," 43.657, 40.883, 60.649 ", 
102,D10,161, LEU     , A        ,0, LIG         , Z            , False     ,2.81,3.2,102.95, True      ,1219, Nam       ,5812, O3           ," 37.638, 21.560, 48.809 "," 36.073, 19.848, 46.604 ", 
103,D10,162, GLU     , A        ,0, LIG         , Z            , False     ,1.6,2.6,168.89, True      ,1228, Nam       ,5812, O3           ," 37.638, 21.560, 48.809 "," 38.706, 21.044, 46.491 ", 
104,D10,350, VAL     , A        ,0, LIG         , Z            , False     ,1.99,2.62,121.18, False     ,5810, O3        ,3115, O2           ," 35.932, 24.587, 52.108 "," 36.870, 24.061, 54.502 ", 
105,D10,352, CYS     , A        ,0, LIG         , Z            , False     ,2.19,3.17,159.4, True      ,3127, Nam       ,5810, O3           ," 35.932, 24.587, 52.108 "," 38.753, 26.000, 52.416 ", 
106,D10,353, HIS     , A        ,0, LIG         , Z            , False     ,3.49,3.96,110.45, True      ,3134, Nam       ,5814, O3           ," 36.815, 26.098, 47.654 "," 39.395, 27.643, 50.230 ",
107,D11,123, GLU     , A        ,0, LIG         , Z            , True      ,1.79,2.72,158.93, False     ,5820, O3        ,868, O2           ," 33.911, 50.837, 53.308 "," 32.310, 49.335, 54.920 ",
108,D11,123, GLU     , A        ,0, LIG         , Z            , True      ,1.96,2.92,168.31, False     ,5818, O3        ,868, O2           ," 34.287, 48.092, 53.173 "," 32.310, 49.335, 54.920 ",
109,D11,223, MET     , A        ,0, LIG         , Z            , False     ,1.95,2.87,156.61, False     ,5816, O3        ,1853, O2           ," 38.100, 50.248, 48.593 "," 37.676, 52.520, 46.889 ",
110,D11,404, GLY     , A        ,0, LIG         , Z            , False     ,3.55,3.87,100.72, True      ,3653, Nam       ,5798, O2           ," 40.776, 49.300, 49.048 "," 44.204, 48.680, 50.729 ",
111,D12,62, TYR     , A        ,0, LIG         , Z            , True      ,2.33,2.94,121.77, True      ,239, O3        ,5833, O3           ," 31.172, 37.588, 59.178 "," 33.586, 38.213, 60.737 ", 
112,D12,62, TYR     , A        ,0, LIG         , Z            , True      ,2.22,2.94,130.13, False     ,5833, O3        ,239, O3           ," 31.172, 37.588, 59.178 "," 33.586, 38.213, 60.737 ", 
113,D12,66, ASN     , A        ,0, LIG         , Z            , True      ,2.23,3,131.49, True      ,266, Nam       ,5817, O3           ," 35.586, 34.398, 57.423 "," 37.007, 36.176, 59.385 ", 
114,D12,66, ASN     , A        ,0, LIG         , Z            , True      ,1.85,2.58,128.86, False     ,5817, O3        ,269, O2           ," 35.586, 34.398, 57.423 "," 35.775, 34.408, 59.994 ", 
115,D12,70, ASN     , A        ,0, LIG         , Z            , True      ,2.29,3.17,143.87, True      ,318, Nam       ,5810, O3           ," 36.115, 33.131, 55.299 "," 36.954, 31.841, 58.074 ", 
116,D12,70, ASN     , A        ,0, LIG         , Z            , True      ,2.09,2.99,153.98, False     ,5810, O3        ,321, O2           ," 36.115, 33.131, 55.299 "," 38.179, 31.203, 56.291 ", 
117,D12,70, ASN     , A        ,0, LIG         , Z            , True      ,1.99,2.81,140.33, False     ,5813, O3        ,321, O2           ," 38.082, 31.742, 53.536 "," 38.179, 31.203, 56.291 ", 
118,D12,70, ASN     , A        ,0, LIG         , Z            , True      ,1.86,2.8,160.13, False     ,5815, O3        ,321, O2           ," 38.837, 33.729, 55.288 "," 38.179, 31.203, 56.291 ", 
119,D12,85, ASN     , A        ,0, LIG         , Z            , True      ,3.13,3.9,133.63, True      ,468, Nam       ,5833, O3           ," 31.172, 37.588, 59.178 "," 29.988, 36.768, 62.806 ", 
120,D12,124, ARG     , A        ,0, LIG         , Z            , True      ,2.13,2.97,137.93, True      ,880, Ng+       ,5833, O3           ," 31.172, 37.588, 59.178 "," 29.131, 39.701, 58.769 ", 
121,D12,124, ARG     , A        ,0, LIG         , Z            , True      ,3.28,3.88,119.27, True      ,883, Ng+       ,5833, O3           ," 31.172, 37.588, 59.178 "," 30.243, 40.653, 56.992 ", 
122,D12,143, GLU     , A        ,0, LIG         , Z            , True      ,1.91,2.77,145.44, False     ,5830, O3        ,1067, O3           ," 33.005, 33.812, 58.585 "," 32.837, 32.338, 56.244 ", 
123,D12,355, SER     , A        ,0, LIG         , Z            , True      ,2.06,3.01,174.54, True      ,3159, O3        ,5815, O3           ," 38.837, 33.729, 55.288 "," 41.478, 33.284, 53.922 ", 
124,D12,368, LYS     , A        ,0, LIG         , Z            , True      ,3.35,3.99,122.12, True      ,3303, N3+       ,5813, O3           ," 38.082, 31.742, 53.536 "," 41.363, 29.489, 53.791 ", 
125,D12,522, ARG     , A        ,0, LIG         , Z            , True      ,2.21,2.95,128.38, True      ,4799, Ng+       ,5828, O3           ," 36.005, 42.367, 50.654 "," 38.060, 41.779, 48.618 ", 
126,D12,522, ARG     , A        ,0, LIG         , Z            , True      ,2.01,2.83,135.77, True      ,4802, Ng+       ,5828, O3           ," 36.005, 42.367, 50.654 "," 36.937, 43.756, 48.372 ",
127,D13,287, TYR     , A        ,0, LIG         , Z            , True      ,1.86,2.55,125.62, False     ,5817, O3        ,2516, O3           ," 54.424, 27.286, 27.688 "," 53.790, 25.726, 25.770 ", 
128,D13,298, SER     , A        ,0, LIG         , Z            , True      ,2.54,3.3,137.17, True      ,2605, O3        ,5821, O3           ," 59.134, 28.064, 28.066 "," 59.048, 24.770, 28.188 ", 
129,D13,299, MET     , A        ,0, LIG         , Z            , False     ,1.96,2.65,126.02, False     ,5809, O3        ,2611, O2           ," 55.645, 22.836, 30.758 "," 57.461, 21.529, 32.179 ", 
130,D13,442, HIS     , A        ,0, LIG         , Z            , False     ,3.14,3.63,113.21, False     ,5819, O3        ,3976, O2           ," 56.962, 27.195, 26.584 "," 58.115, 30.121, 24.770 ",
131,D14,288, ASP     , A        ,0, LIG         , Z            , False     ,2.71,3.2,109.63, True      ,2518, Nam       ,5812, O3           ," 50.058, 21.596, 29.840 "," 48.354, 21.763, 27.133 ",
132,D14,288, ASP     , A        ,0, LIG         , Z            , True      ,2.55,3.41,151.79, True      ,2525, O3        ,5812, O3           ," 50.058, 21.596, 29.840 "," 47.220, 19.933, 28.948 ",
133,D14,298, SER     , A        ,0, LIG         , Z            , True      ,2.65,3.32,128.27, True      ,2605, O3        ,5825, O3           ," 58.216, 27.628, 26.718 "," 59.048, 24.770, 28.188 ",
134,D14,300, ASP     , A        ,0, LIG         , Z            , True      ,2.26,3.22,163.67, False     ,5809, O3        ,2623, O2           ," 52.841, 19.250, 31.949 "," 54.253, 18.507, 34.751 ",
135,D14,300, ASP     , A        ,0, LIG         , Z            , True      ,1.7,2.57,143.7, False     ,5807, O3        ,2623, O2           ," 54.366, 20.865, 33.735 "," 54.253, 18.507, 34.751 ",
136,D14,301, THR     , A        ,0, LIG         , Z            , False     ,2.51,3.46,155.63, True      ,2625, Nam       ,5805, O3           ," 55.027, 23.475, 32.861 "," 56.620, 21.219, 34.946 ",
137,D14,301, THR     , A        ,0, LIG         , Z            , True      ,1.96,2.68,127.14, False     ,5805, O3        ,2632, O3           ," 55.027, 23.475, 32.861 "," 55.049, 23.440, 35.543 ",
138,D14,302, THR     , A        ,0, LIG         , Z            , False     ,2.76,3.74,161.47, True      ,2634, Nam       ,5807, O3           ," 54.366, 20.865, 33.735 "," 55.305, 20.837, 37.353 ",
139,D14,422, SER     , A        ,0, LIG         , Z            , False     ,2.61,3.35,131.84, False     ,5827, O3        ,3803, O2           ," 57.945, 29.541, 31.097 "," 57.215, 31.565, 33.668 ",
140,D14,442, HIS     , A        ,0, LIG         , Z            , False     ,2.17,3.17,171.81, False     ,5825, O3        ,3976, O2           ," 58.216, 27.628, 26.718 "," 58.115, 30.121, 24.770 ",
141,D14,446, PHE     , A        ,0, LIG         , Z            , False     ,3.52,3.86,102.02, True      ,4014, Nam       ,5825, O3           ," 58.216, 27.628, 26.718 "," 55.389, 30.139, 25.942 ",
142,D15,66, ASN     , A        ,0, LIG         , Z            , True      ,1.89,2.7,133.17, True      ,266, Nam       ,5822, O2           ," 39.166, 37.636, 58.690 "," 37.007, 36.176, 59.385 ",
143,D15,118, LYS     , A        ,0, LIG         , Z            , True      ,2.13,3.11,160.78, True      ,817, N3+       ,5848, O3           ," 38.634, 48.777, 57.009 "," 38.176, 51.806, 56.474 ",
144,D15,123, GLU     , A        ,0, LIG         , Z            , True      ,2.41,3.05,125.21, True      ,867, O3        ,5850, O3           ," 32.259, 44.794, 57.392 "," 32.154, 47.256, 55.601 ",
145,D15,123, GLU     , A        ,0, LIG         , Z            , True      ,2.17,3.05,148.53, False     ,5850, O3        ,867, O3           ," 32.259, 44.794, 57.392 "," 32.154, 47.256, 55.601 ",
146,D15,123, GLU     , A        ,0, LIG         , Z            , True      ,2.06,2.97,155.65, False     ,5846, O3        ,867, O3           ," 34.596, 45.743, 56.352 "," 32.154, 47.256, 55.601 ",
147,D15,358, ASP     , A        ,0, LIG         , Z            , False     ,2.29,3.2,148.61, True      ,3183, Nam       ,5827, O2           ," 42.190, 41.084, 57.861 "," 45.073, 39.786, 58.368 ",
148,D15,360, TYR     , A        ,0, LIG         , Z            , True      ,3.7,4.01,102.29, True      ,3216, O3        ,5801, O2           ," 37.688, 45.097, 60.719 "," 41.114, 44.145, 58.865 ",
149,D15,394, TYR     , A        ,0, LIG         , Z            , True      ,1.87,2.72,148.6, True      ,3563, O3        ,5834, O3           ," 44.300, 45.545, 56.580 "," 45.717, 46.273, 54.373 ",
150,D15,402, ARG     , A        ,0, LIG         , Z            , False     ,1.92,2.62,126.49, False     ,5836, O3        ,3630, O2           ," 43.021, 46.234, 54.223 "," 43.650, 48.268, 55.742 ",
151,D15,402, ARG     , A        ,0, LIG         , Z            , False     ,2.05,2.92,147.81, False     ,5834, O3        ,3630, O2           ," 44.300, 45.545, 56.580 "," 43.650, 48.268, 55.742 ",
152,D15,403, GLU     , A        ,0, LIG         , Z            , True      ,2.07,2.71,122.07, False     ,5848, O3        ,3652, O3           ," 38.634, 48.777, 57.009 "," 38.877, 49.024, 54.318 ",
153,D15,403, GLU     , A        ,0, LIG         , Z            , True      ,2.31,3.13,146.73, True      ,3652, O3        ,5844, O3           ," 40.607, 47.084, 56.069 "," 38.877, 49.024, 54.318 ",
154,D15,403, GLU     , A        ,0, LIG         , Z            , True      ,2.34,3.13,138.11, False     ,5844, O3        ,3652, O3           ," 40.607, 47.084, 56.069 "," 38.877, 49.024, 54.318 ",
155,D15,410, HIS     , A        ,0, LIG         , Z            , True      ,3.4,4,119.62, True      ,3710, Npl       ,5836, O3           ," 43.021, 46.234, 54.223 "," 45.754, 44.913, 51.614 ",
156,D16,62, TYR     , A        ,0, LIG         , Z            , True      ,3.53,3.97,110.52, True      ,239, O3        ,5798, O3           ," 30.866, 37.734, 57.888 "," 33.586, 38.213, 60.737 ", 
157,D16,62, TYR     , A        ,0, LIG         , Z            , True      ,2.41,3.26,145.92, False     ,5815, O3        ,239, O3           ," 34.425, 38.533, 57.598 "," 33.586, 38.213, 60.737 ", 
158,D16,66, ASN     , A        ,0, LIG         , Z            , True      ,3.39,3.93,114.86, True      ,266, Nam       ,5815, O3           ," 34.425, 38.533, 57.598 "," 37.007, 36.176, 59.385 ", 
159,D16,70, ASN     , A        ,0, LIG         , Z            , True      ,1.91,2.78,142.11, True      ,318, Nam       ,5819, O3           ," 35.706, 32.551, 55.690 "," 36.954, 31.841, 58.074 ", 
160,D16,85, ASN     , A        ,0, LIG         , Z            , True      ,3.48,4.03,115.77, True      ,468, Nam       ,5823, O3           ," 28.595, 34.176, 60.051 "," 29.988, 36.768, 62.806 ", 
161,D16,124, ARG     , A        ,0, LIG         , Z            , True      ,1.82,2.77,152.19, True      ,880, Ng+       ,5798, O3           ," 30.866, 37.734, 57.888 "," 29.131, 39.701, 58.769 ", 
162,D16,124, ARG     , A        ,0, LIG         , Z            , True      ,2.31,3.12,135, True      ,883, Ng+       ,5798, O3           ," 30.866, 37.734, 57.888 "," 30.243, 40.653, 56.992 ", 
163,D16,136, ASN     , A        ,0, LIG         , Z            , False     ,2.1,3.06,169.61, False     ,5817, O3        ,989, O2           ," 28.586, 36.638, 58.797 "," 26.184, 34.863, 59.468 ", 
164,D16,136, ASN     , A        ,0, LIG         , Z            , False     ,1.69,2.57,149.71, False     ,5823, O3        ,989, O2           ," 28.595, 34.176, 60.051 "," 26.184, 34.863, 59.468 ", 
165,D16,140, LEU     , A        ,0, LIG         , Z            , False     ,2.91,3.28,102.01, True      ,1027, Nam       ,5823, O3           ," 28.595, 34.176, 60.051 "," 27.321, 33.004, 57.265 ", 
166,D16,516, SER     , A        ,0, LIG         , Z            , True      ,3.31,4.08,136.41, False     ,5821, O3        ,4740, O3           ," 35.245, 33.855, 53.285 "," 32.773, 32.341, 50.420 ",
167,D17,298, SER     , A        ,0, LIG         , Z            , False     ,1.71,2.55,141.91, False     ,5822, O3        ,2603, O2           ," 55.318, 19.695, 29.394 "," 57.703, 20.581, 29.313 ", 
168,D17,298, SER     , A        ,0, LIG         , Z            , False     ,1.92,2.87,154.1, True      ,2599, Nam       ,5818, O3           ," 55.665, 20.909, 27.027 "," 58.413, 21.746, 26.925 ", 
169,D17,298, SER     , A        ,0, LIG         , Z            , False     ,2.13,3.08,165.89, False     ,5818, O3        ,2603, O2           ," 55.665, 20.909, 27.027 "," 57.703, 20.581, 29.313 ", 
170,D17,298, SER     , A        ,0, LIG         , Z            , True      ,3.02,3.62,122.24, True      ,2605, O3        ,5811, O3           ," 55.707, 25.769, 29.164 "," 59.048, 24.770, 28.188 ", 
171,D17,300, ASP     , A        ,0, LIG         , Z            , True      ,2.48,3.16,126.11, False     ,5820, O3        ,2623, O2           ," 54.087, 20.025, 31.988 "," 54.253, 18.507, 34.751 ", 
172,D17,301, THR     , A        ,0, LIG         , Z            , False     ,1.98,2.97,164.71, True      ,2625, Nam       ,5815, O3           ," 54.763, 22.658, 33.124 "," 56.620, 21.219, 34.946 ", 
173,D17,422, SER     , A        ,0, LIG         , Z            , False     ,2.14,2.97,142.57, False     ,5813, O3        ,3803, O2           ," 57.550, 29.112, 32.021 "," 57.215, 31.565, 33.668 ",
174,D18,356, ALA     , A        ,0, LIG         , Z            , False     ,1.88,2.83,154.65, True      ,3161, Nam       ,5824, O3           ," 42.386, 37.467, 52.377 "," 44.535, 35.776, 53.114 ", 
175,D18,356, ALA     , A        ,0, LIG         , Z            , False     ,2.45,3.01,115.71, False     ,5824, O3        ,3165, O2           ," 42.386, 37.467, 52.377 "," 44.099, 37.963, 54.798 ", 
176,D18,356, ALA     , A        ,0, LIG         , Z            , False     ,2.03,2.55,111.42, False     ,5846, O3        ,3165, O2           ," 43.244, 40.159, 53.830 "," 44.099, 37.963, 54.798 ", 
177,D18,358, ASP     , A        ,0, LIG         , Z            , False     ,2.46,3.38,150.59, True      ,3183, Nam       ,5844, O3           ," 41.738, 40.358, 58.348 "," 45.073, 39.786, 58.368 ", 
178,D18,358, ASP     , A        ,0, LIG         , Z            , False     ,2.23,3.04,139.71, False     ,5844, O3        ,3187, O2           ," 41.738, 40.358, 58.348 "," 43.657, 40.883, 60.649 ", 
179,D18,360, TYR     , A        ,0, LIG         , Z            , True      ,3.43,3.87,111.3, True      ,3216, O3        ,5844, O3           ," 41.738, 40.358, 58.348 "," 41.114, 44.145, 58.865 ", 
180,D18,404, GLY     , A        ,0, LIG         , Z            , False     ,2.22,3.12,147.25, True      ,3653, Nam       ,5834, O3           ," 41.530, 47.141, 50.249 "," 44.204, 48.680, 50.729 ", 
181,D18,411, GLU     , A        ,0, LIG         , Z            , True      ,2.35,3.06,129.87, False     ,5811, O3        ,3721, O2           ," 39.992, 39.989, 49.076 "," 41.788, 41.011, 46.817 ", 
182,D18,411, GLU     , A        ,0, LIG         , Z            , True      ,2.11,2.73,120.41, False     ,5836, O3        ,3721, O2           ," 40.621, 42.792, 48.529 "," 41.788, 41.011, 46.817 ", 
183,D18,522, ARG     , A        ,0, LIG         , Z            , True      ,1.93,2.67,126.83, True      ,4799, Ng+       ,5811, O3           ," 39.992, 39.989, 49.076 "," 38.060, 41.779, 48.618 ",
184,D19,281, GLN     , A        ,0, LIG         , Z            , True      ,3.43,3.79,102.99, True      ,2447, Nam       ,5817, O2           ," 41.326, 29.508, 41.915 "," 39.283, 31.322, 39.282 ", 
185,D20,356, ALA     , A        ,0, LIG         , Z            , False     ,2.04,2.98,161.83, False     ,5814, O3        ,3165, O2           ," 42.822, 39.935, 56.636 "," 44.099, 37.963, 54.798 ", 
186,D20,358, ASP     , A        ,0, LIG         , Z            , False     ,1.89,2.84,154.21, True      ,3183, Nam       ,5814, O3           ," 42.822, 39.935, 56.636 "," 45.073, 39.786, 58.368 ", 
187,D20,358, ASP     , A        ,0, LIG         , Z            , True      ,2.78,3.5,131.55, False     ,5818, O3        ,3191, O2           ," 44.027, 44.494, 56.060 "," 46.569, 44.320, 58.463 ", 
188,D20,360, TYR     , A        ,0, LIG         , Z            , True      ,2.09,2.63,114.02, False     ,5816, O3        ,3216, O3           ," 42.607, 42.427, 57.538 "," 41.114, 44.145, 58.865 ", 
189,D20,394, TYR     , A        ,0, LIG         , Z            , True      ,2.12,2.98,149.81, True      ,3563, O3        ,5818, O3           ," 44.027, 44.494, 56.060 "," 45.717, 46.273, 54.373 ", 
190,D20,404, GLY     , A        ,0, LIG         , Z            , False     ,1.97,2.89,148.28, True      ,3653, Nam       ,5800, O2           ," 42.467, 46.680, 51.890 "," 44.204, 48.680, 50.729 ", 
191,D20,411, GLU     , A        ,0, LIG         , Z            , True      ,1.87,2.55,124.39, False     ,5822, O3        ,3721, O2           ," 40.673, 41.271, 49.097 "," 41.788, 41.011, 46.817 ", 
192,D20,411, GLU     , A        ,0, LIG         , Z            , True      ,1.98,2.88,152.96, False     ,5824, O3        ,3721, O2           ," 41.521, 43.640, 47.954 "," 41.788, 41.011, 46.817 ", 
193,D20,522, ARG     , A        ,0, LIG         , Z            , True      ,2.26,2.7,104.37, True      ,4799, Ng+       ,5822, O3           ," 40.673, 41.271, 49.097 "," 38.060, 41.779, 48.618 ",
194,D21,298, SER     , A        ,1, UNL         , Z            , True      ,1.98,2.93,174.57, True      ,2605, O3        ,5826, O2           ," 57.739, 27.283, 28.925 "," 59.048, 24.770, 28.188 ", 
195,D21,300, ASP     , A        ,1, UNL         , Z            , True      ,1.91,2.56,120.76, False     ,5808, O3        ,2623, O2           ," 52.778, 20.491, 35.413 "," 54.253, 18.507, 34.751 ", 
196,D21,300, ASP     , A        ,1, UNL         , Z            , True      ,2.44,2.95,111.72, False     ,5810, O3        ,2623, O2           ," 52.881, 20.052, 32.644 "," 54.253, 18.507, 34.751 ", 
197,D21,301, THR     , A        ,1, UNL         , Z            , True      ,3.06,3.78,129.73, False     ,5806, O3        ,2632, O3           ," 51.444, 24.520, 35.239 "," 55.049, 23.440, 35.543 ", 
198,D21,301, THR     , A        ,1, UNL         , Z            , True      ,2.14,2.87,132.75, True      ,2632, O3        ,5820, O3           ," 53.977, 25.425, 33.766 "," 55.049, 23.440, 35.543 ", 
199,D21,301, THR     , A        ,1, UNL         , Z            , False     ,1.92,2.92,166, True      ,2625, Nam       ,5812, O3           ," 55.281, 22.766, 32.857 "," 56.620, 21.219, 34.946 ", 
200,D21,301, THR     , A        ,1, UNL         , Z            , True      ,2.16,2.78,118.88, False     ,5812, O3        ,2632, O3           ," 55.281, 22.766, 32.857 "," 55.049, 23.440, 35.543 ", 
201,D21,302, THR     , A        ,1, UNL         , Z            , False     ,2.33,3.2,142.95, True      ,2634, Nam       ,5808, O3           ," 52.778, 20.491, 35.413 "," 55.305, 20.837, 37.353 ", 
202,D21,302, THR     , A        ,1, UNL         , Z            , True      ,2.2,2.72,113.46, True      ,2641, O3        ,5808, O3           ," 52.778, 20.491, 35.413 "," 52.451, 21.100, 38.045 ", 
203,D21,449, LYS     , A        ,1, UNL         , Z            , True      ,2.14,2.99,139.84, True      ,4053, N3+       ,5806, O3           ," 51.444, 24.520, 35.239 "," 50.587, 25.367, 32.504 ",
204,D22,147, SER     , A        ,0, LIG         , Z            , False     ,2.08,3.02,160.65, False     ,5804, O3        ,1105, O2           ," 35.929, 24.682, 51.815 "," 34.040, 22.436, 52.511 ", 
205,D22,147, SER     , A        ,0, LIG         , Z            , True      ,2.43,3.37,164.88, False     ,5808, O3        ,1107, O3           ," 36.382, 27.027, 50.415 "," 34.054, 26.686, 52.833 ", 
206,D22,147, SER     , A        ,0, LIG         , Z            , False     ,2.2,3.1,154.08, False     ,5806, O3        ,1105, O2           ," 36.494, 22.245, 50.627 "," 34.040, 22.436, 52.511 ", 
207,D22,352, CYS     , A        ,0, LIG         , Z            , False     ,2.17,3.17,167.47, True      ,3127, Nam       ,5804, O3           ," 35.929, 24.682, 51.815 "," 38.753, 26.000, 52.416 ", 
208,D22,353, HIS     , A        ,0, LIG         , Z            , False     ,2.08,3.08,166.66, True      ,3134, Nam       ,5808, O3           ," 36.382, 27.027, 50.415 "," 39.395, 27.643, 50.230 ",
209,D23,66, ASN     , A        ,0, LIG         , Z            , True      ,1.94,2.9,155.76, True      ,266, Nam       ,5820, O3           ," 38.262, 38.649, 60.246 "," 37.007, 36.176, 59.385 ", 
210,D23,70, ASN     , A        ,0, LIG         , Z            , True      ,1.95,2.97,171.29, True      ,318, Nam       ,5811, O3           ," 35.554, 33.752, 56.287 "," 36.954, 31.841, 58.074 ", 
211,D23,356, ALA     , A        ,0, LIG         , Z            , False     ,2.09,2.97,150.69, False     ,5815, O3        ,3165, O2           ," 41.156, 37.564, 54.925 "," 44.099, 37.963, 54.798 ", 
212,D23,356, ALA     , A        ,0, LIG         , Z            , False     ,1.98,2.65,123.81, False     ,5817, O3        ,3165, O2           ," 42.719, 39.629, 56.331 "," 44.099, 37.963, 54.798 ", 
213,D23,358, ASP     , A        ,0, LIG         , Z            , False     ,1.84,2.45,117.71, False     ,5822, O3        ,3187, O2           ," 42.394, 39.370, 59.192 "," 43.657, 40.883, 60.649 ", 
214,D23,358, ASP     , A        ,0, LIG         , Z            , False     ,2.2,3.12,148.8, True      ,3183, Nam       ,5817, O3           ," 42.719, 39.629, 56.331 "," 45.073, 39.786, 58.368 ",
215,D24,353, HIS     , A        ,0, LIG         , Z            , True      ,1.93,2.88,154.45, True      ,3145, Npl       ,5808, O3           ," 40.236, 34.598, 45.329 "," 39.074, 32.263, 46.551 ", 
216,D24,356, ALA     , A        ,0, LIG         , Z            , False     ,1.66,2.58,147.68, True      ,3161, Nam       ,5824, O3           ," 42.824, 37.652, 52.681 "," 44.535, 35.776, 53.114 ", 
217,D24,356, ALA     , A        ,0, LIG         , Z            , False     ,1.91,2.49,115.78, False     ,5824, O3        ,3165, O2           ," 42.824, 37.652, 52.681 "," 44.099, 37.963, 54.798 ", 
218,D24,356, ALA     , A        ,0, LIG         , Z            , False     ,2.44,2.89,107.25, False     ,5822, O3        ,3165, O2           ," 44.752, 39.099, 52.226 "," 44.099, 37.963, 54.798 ", 
219,D24,358, ASP     , A        ,0, LIG         , Z            , False     ,2.27,3.24,157.77, True      ,3183, Nam       ,5817, O3           ," 41.869, 40.147, 58.063 "," 45.073, 39.786, 58.368 ", 
220,D24,513, HIS     , A        ,0, LIG         , Z            , True      ,2.23,2.98,129.64, True      ,4716, Npl       ,5808, O3           ," 40.236, 34.598, 45.329 "," 37.383, 35.467, 45.237 ", 
221,D24,523, TYR     , A        ,0, LIG         , Z            , True      ,2.53,3.11,118.61, False     ,5808, O3        ,4817, O3           ," 40.236, 34.598, 45.329 "," 39.588, 37.609, 45.789 ",
222,D25,124, ARG     , A        ,0, LIG         , Z            , False     ,1.96,2.89,149.57, True      ,869, Nam       ,5800, O2           ," 29.465, 44.525, 57.190 "," 27.339, 46.408, 57.722 ", 
223,D25,124, ARG     , A        ,0, LIG         , Z            , True      ,1.89,2.87,159.69, True      ,877, Ng+       ,5800, O2           ," 29.465, 44.525, 57.190 "," 28.898, 41.954, 58.320 ", 
224,D25,124, ARG     , A        ,0, LIG         , Z            , True      ,3.3,3.95,123.07, True      ,883, Ng+       ,5800, O2           ," 29.465, 44.525, 57.190 "," 30.243, 40.653, 56.992 ",
225,DC,281, GLN     , A        ,0, LIG         , Z            , True      ,2.6,3.39,134.8, True      ,2447, Nam       ,5811, O.co2        ," 38.516, 33.315, 41.921 "," 39.283, 31.322, 39.282 ", 
226,DC,353, HIS     , A        ,0, LIG         , Z            , True      ,1.76,2.75,162.11, True      ,3145, Npl       ,5798, O2           ," 39.822, 34.605, 45.317 "," 39.074, 32.263, 46.551 ", 
227,DC,513, HIS     , A        ,0, LIG         , Z            , True      ,1.88,2.59,123.3, True      ,4716, Npl       ,5798, O2           ," 39.822, 34.605, 45.317 "," 37.383, 35.467, 45.237 ", 
228,DC,520, TYR     , A        ,0, LIG         , Z            , True      ,1.85,2.76,159.1, True      ,4777, O3        ,5811, O.co2        ," 38.516, 33.315, 41.921 "," 37.597, 35.011, 39.953 ",
229,DL,123, GLU     , A        ,0, LIG         , Z            , True      ,2.4,2.82,106.89, True      ,867, O3        ,5799, N3           ," 31.568, 44.991, 54.028 "," 32.154, 47.256, 55.601 ", 
230,DL,123, GLU     , A        ,0, LIG         , Z            , True      ,3.17,3.79,120.14, False     ,5829, N3        ,868, O2           ," 33.815, 48.056, 51.688 "," 32.310, 49.335, 54.920 ",
